<application>
  <component name="FileTypeManager" version="17">
    <extensionMap>
      <mapping pattern=".gitignore_global" type="Git file" />
      <mapping ext="gradle.kts" type="Kotlin" />
      <mapping pattern="DockerFile" type="PLAIN_TEXT" />
      <mapping pattern="updated_dateTrigger.sql" type="PLAIN_TEXT" />
      <mapping pattern="AdbzH_Sazw==" type="PLAIN_TEXT" />
      <mapping pattern="xbl_user_org" type="PLAIN_TEXT" />
      <mapping ext="obj" type="PLAIN_TEXT" />
      <mapping ext="filter" type="PLAIN_TEXT" />
      <mapping ext="propertis" type="PLAIN_TEXT" />
    </extensionMap>
  </component>
</application>