<application>
  <component name="AppStorage">
    <histories>
      <item value="exclusive" />
      <item value="maintained" />
      <item value="notion" />
      <item value="entail" />
      <item value="synchronizers" />
      <item value="related" />
      <item value="EVENTUALLY" />
      <item value="digit" />
      <item value="eventually" />
      <item value="yield" />
      <item value="Dynamic" />
      <item value="dymic" />
      <item value="We also tolerate length zero in some operations to allow * bootstrapping mechanics that are currently not needed" />
      <item value="key.hash Code()" />
      <item value="Because the table uses power-of-two masking, sets of * hashes that vary only in bits above the current mask will * always collide. (Among known examples are sets of Float keys * holding consecutive whole numbers in small tables.) So we * apply a transform that spreads the impact of higher bits * downward. There is a tradeoff between speed, utility, and * quality of bit-spreading. Because many common sets of hashes * are already reasonably distributed (so don't benefit from * spreading), and because we use trees to handle large sets of * collisions in bins, we just XOR some shifted bits in the * cheapest possible way to reduce systematic lossage, as well as * to incorporate impact of the highest bits that would otherwise * never be used in index calculations because of table bounds." />
      <item value="spreads" />
      <item value="* The bin count threshold for untreeifying a (split) bin during a * resize operation. Should be less than TREEIFY_THRESHOLD, and at * most 6 to mesh with shrinkage detection under removal." />
      <item value="Concurrent read operations will work correctly" />
      <item value="* Sorts the specified range of the array by Dual-Pivot Quicksort." />
      <item value="* Sorts the specified range of the array using the given * workspace array slice if possible for merging" />
      <item value="Tuning parameters." />
      <item value="* This class implements the Dual-Pivot Quicksort algorithm by * Vladimir Yaroslavskiy, Jon Bentley, and Josh Bloch. The algorithm * offers O(n log(n)) performance on many data sets that cause other * quicksorts to degrade to quadratic performance, and is typically * faster than traditional (one-pivot) Quicksort implementations. * * All exposed methods are package-private, designed to be invoked * from public methods (in class Arrays) after performing any * necessary array bounds checks and expanding parameters into the * required forms." />
      <item value="Dual-Pivot" />
      <item value="The smallest table capacity for which bins may be treeified. * (Otherwise the table is resized if too many nodes in a bin.) * Should be at least 4 * TREEIFY_THRESHOLD to avoid conflicts * between resizing and treeification thresholds." />
      <item value="TREEIFY THRESHOLD" />
      <item value="The value must be greater * than 2 and should be at least 8 to mesh with assumptions in * tree removal about conversion back to plain bins upon * shrinkage." />
      <item value="aka" />
      <item value="synchronized" />
      <item value="Tree Nodes" />
      <item value="bins" />
      <item value="into bins of * TreeNodes" />
      <item value="CJK Compatibility Ideographs" />
      <item value="Private Use Area" />
      <item value="债务" />
      <item value="may optionally handle the self-referential scenario" />
      <item value="self-referential" />
      <item value="Some map operations which perform recursive traversal of the map may fail" />
      <item value="More generally" />
      <item value="guarantees" />
      <item value="by first comparing the hash codes of the two keys" />
      <item value="Implementations" />
      <item value="specification" />
      <item value="terms" />
      <item value="Many methods in Collections Framework interfaces are defined" />
      <item value="Such exceptions are marked as &quot;optional&quot; in the specification for this * interface" />
      <item value="ineligible" />
      <item value="attempting" />
      <item value="exhibit" />
      <item value="Attempting to query the presence of an ineligible key or value may throw an" />
      <item value="restrictions" />
    </histories>
    <option name="languageScores">
      <map>
        <entry key="CHINESE" value="93" />
        <entry key="ENGLISH" value="94" />
      </map>
    </option>
  </component>
</application>